<?xml version="1.0" encoding="UTF-8"?>
<beans xmlns="http://www.springframework.org/schema/beans"
	xmlns:xsi="http://www.w3.org/2001/XMLSchema-instance" 
	xmlns:context="http://www.springframework.org/schema/context"
	xmlns:aop="http://www.springframework.org/schema/aop" 
	xmlns:tx="http://www.springframework.org/schema/tx"
	xmlns:mvc="http://www.springframework.org/schema/mvc" 
	xsi:schemaLocation="
		http://www.springframework.org/schema/mvc   
        http://www.springframework.org/schema/mvc/spring-mvc-3.0.xsd 
	
	
		http://www.springframework.org/schema/beans
		http://www.springframework.org/schema/beans/spring-beans.xsd
		http://www.springframework.org/schema/context
		http://www.springframework.org/schema/context/spring-context.xsd
		http://www.springframework.org/schema/tx
		http://www.springframework.org/schema/tx/spring-tx.xsd
		http://www.springframework.org/schema/aop
		http://www.springframework.org/schema/aop/spring-aop.xsd">
	
	<!-- 开启注解 -->
	<mvc:annotation-driven/> 
	<context:annotation-config />
	<!-- 另外最好还要加入DefaultAnnotationHandlerMapping，不然会被 XML或其它的映射覆盖！ -->  
    <bean class="org.springframework.web.servlet.mvc.annotation.DefaultAnnotationHandlerMapping" />  
	 
	 
	 <!-- ①：对web包中的所有类进行扫描，以完成Bean创建和自动依赖注入的功能 -->
	<context:component-scan base-package="com.gxdl.dz">
		<!-- 添加事务处理机制 -->
		<context:exclude-filter type="annotation" expression="org.springframework.stereotype.Service" />
    </context:component-scan>
	<!-- 适配器: 
		在SpringMVC中用于连接后端控制器和SpringMVC内部的Controller接口的桥梁 -->
	<bean 
		class="org.springframework.web.servlet.mvc.annotation.AnnotationMethodHandlerAdapter">
		<property name="messageConverters">
			<list>
				<bean class="org.springframework.http.converter.json.MappingJacksonHttpMessageConverter">
					<property name="supportedMediaTypes">
						<list>
							<value>application/json; charset=UTF-8</value>
							<value>application/map; charset=UTF-8</value>
						</list>
					</property>
				</bean>
			</list>
		</property>
	</bean>
	
	<bean class="org.springframework.web.servlet.view.InternalResourceViewResolver">
		<!-- 视图显示逻辑, 就是应用什么类来解析要显示的内容. -->
		<property name="viewClass" value="org.springframework.web.servlet.view.JstlView" />
		<!-- 最终显示逻辑页面所在位置的前缀 -->
		<property name="prefix" value="/WEB-INF/jsp/" />
		<!-- 最终显示逻辑页面的文件后缀名 -->
		<property name="suffix" value=".jsp" />
	</bean>
	
</beans>












