<?xml version="1.0" encoding="UTF-8"?>
<beans xmlns="http://www.springframework.org/schema/beans"
	xmlns:xsi="http://www.w3.org/2001/XMLSchema-instance" xmlns:context="http://www.springframework.org/schema/context"
	xmlns:aop="http://www.springframework.org/schema/aop" xmlns:tx="http://www.springframework.org/schema/tx"
	xmlns:mvc="http://www.springframework.org/schema/mvc"
	xsi:schemaLocation="
	
		http://www.springframework.org/schema/mvc   
        http://www.springframework.org/schema/mvc/spring-mvc-3.0.xsd 
	
		http://www.springframework.org/schema/beans
		http://www.springframework.org/schema/beans/spring-beans.xsd
		http://www.springframework.org/schema/context
		http://www.springframework.org/schema/context/spring-context.xsd
		http://www.springframework.org/schema/tx
		http://www.springframework.org/schema/tx/spring-tx.xsd
		http://www.springframework.org/schema/aop
		http://www.springframework.org/schema/aop/spring-aop.xsd">


	<!-- 引入外部的属性文件 -->
	<context:property-placeholder
		location="classpath:jdbc.properties" />

	<!-- 配置c3p0 连接池-配置数据库资源 -->
	<bean id="dataSource" class="com.mchange.v2.c3p0.ComboPooledDataSource">
		<property name="driverClass" value="${jdbc.driverClass}" />
		<property name="jdbcUrl" value="${jdbc.url}" />
		<property name="user" value="${jdbc.username}" />
		<property name="password" value="${jdbc.password}" />
		<property name="minPoolSize" value="${jdbc.minPoolSize}"></property>
		<property name="initialPoolSize" value="${jdbc.initialPoolSize}"></property>
		<property name="maxPoolSize" value="${jdbc.maxPoolSize}"></property>
		<property name="acquireIncrement" value="${jdbc.acquireIncrement}"></property>
		<property name="maxIdleTime" value="${jdbc.maxIdleTime}"></property>
	</bean>

</beans>