<?xml version="1.0" encoding="UTF-8"?>
<beans xmlns="http://www.springframework.org/schema/beans"
	xmlns:xsi="http://www.w3.org/2001/XMLSchema-instance" xmlns:context="http://www.springframework.org/schema/context"
	xmlns:aop="http://www.springframework.org/schema/aop" xmlns:tx="http://www.springframework.org/schema/tx"
	xmlns:mvc="http://www.springframework.org/schema/mvc"
	xsi:schemaLocation="
	
		http://www.springframework.org/schema/mvc   
        http://www.springframework.org/schema/mvc/spring-mvc-3.0.xsd 
	
		http://www.springframework.org/schema/beans
		http://www.springframework.org/schema/beans/spring-beans.xsd
		http://www.springframework.org/schema/context
		http://www.springframework.org/schema/context/spring-context.xsd
		http://www.springframework.org/schema/tx
		http://www.springframework.org/schema/tx/spring-tx.xsd
		http://www.springframework.org/schema/aop
		http://www.springframework.org/schema/aop/spring-aop.xsd">

	<import resource="classpath:spring-dataBase.xml" />
	
	<!-- 扫描业务对象 -->
	<context:component-scan base-package="com.gxdl.dz.service"></context:component-scan>

	<!--会话工厂bean sqlSessionFactoryBean -->
	<bean id="SqlSessionFactory" class="org.mybatis.spring.SqlSessionFactoryBean">
		<!-- 注入连接池 -->
		<property name="dataSource" ref="dataSource"></property>
		 <!-- sql映射文件路径 -->
        <property name="mapperLocations" value="classpath*:com/gxdl/dz/dao/*Mapper.xml"></property>
	</bean>
	
	<!--自动扫描对象关系映射 -->
    <bean class="org.mybatis.spring.mapper.MapperScannerConfigurer">
        <!--指定会话工厂，如果当前上下文中只定义了一个则该属性可省去 -->
        <property name="sqlSessionFactoryBeanName" value="SqlSessionFactory"></property>
        <!-- 指定要自动扫描接口的基础包，实现接口 -->
        <property name="basePackage" value="com.gxdl.dz.dao"></property>
    </bean>

	<!-- 配置事务管理器-我们的事物管理交给Spring的默认的事务管理器去帮助管理 -->
	<bean id="transactionManager" class="org.springframework.jdbc.datasource.DataSourceTransactionManager">
		<property name="dataSource" ref="dataSource"></property>
	</bean>

	<!--2声明事务切面 -->
	<tx:advice id="txAdvice" transaction-manager="transactionManager">
		<tx:attributes>
			<tx:method name="add*" isolation="DEFAULT" propagation="REQUIRED" />
			<tx:method name="save*" isolation="DEFAULT" propagation="REQUIRED" />
			<tx:method name="update*" isolation="DEFAULT" propagation="REQUIRED" />
			<tx:method name="delete*" isolation="DEFAULT" propagation="REQUIRED" />
			<tx:method name="get*" isolation="DEFAULT" propagation="REQUIRED" read-only="true" />
			<tx:method name="select*" isolation="DEFAULT" propagation="REQUIRED" read-only="true" />
			<tx:method name="*" isolation="DEFAULT" propagation="REQUIRED" read-only="true" />
		</tx:attributes>
	</tx:advice>
	<!--3 进行aop的配置 -->
	<aop:config>
		<aop:pointcut expression="execution(* com.gxdl.dz.service.*.*(..))" id="servicePc" />
		<!-- 织入 -->
		<aop:advisor advice-ref="txAdvice" pointcut-ref="servicePc" />
	</aop:config>
</beans>