<?xml version="1.0" encoding="UTF-8"?>
<beans xmlns="http://www.springframework.org/schema/beans"
	xmlns:xsi="http://www.w3.org/2001/XMLSchema-instance" xmlns:context="http://www.springframework.org/schema/context"
	xmlns:aop="http://www.springframework.org/schema/aop" xmlns:tx="http://www.springframework.org/schema/tx"
	xmlns:mvc="http://www.springframework.org/schema/mvc"
	xsi:schemaLocation="
	
		http://www.springframework.org/schema/mvc   
        http://www.springframework.org/schema/mvc/spring-mvc-3.0.xsd 
	
		http://www.springframework.org/schema/beans
		http://www.springframework.org/schema/beans/spring-beans.xsd
		http://www.springframework.org/schema/context
		http://www.springframework.org/schema/context/spring-context.xsd
		http://www.springframework.org/schema/tx
		http://www.springframework.org/schema/tx/spring-tx.xsd
		http://www.springframework.org/schema/aop
		http://www.springframework.org/schema/aop/spring-aop.xsd">

	<!-- 配置自动扫描的包 -->
	<context:component-scan base-package="com.gxdl.dz">
		<context:include-filter type="annotation" expression="org.springframework.stereotype.Controller" />
	</context:component-scan>

	<!-- 配置视图解析器 如何把 handler 方法返回值解析为实际的物理视图 -->
	<bean
		class="org.springframework.web.servlet.view.InternalResourceViewResolver">
		<property name="prefix" value="/WEB-INF/jsp/"></property>
		<property name="suffix" value=".jsp"></property>
	</bean>

	<!-- 配置文件上传的解析器 -->
	<bean id="multipartResolver" class="org.springframework.web.multipart.commons.CommonsMultipartResolver"></bean>

	<!-- 静态资源交给默认的Servlet -->
	<mvc:default-servlet-handler />
	<mvc:annotation-driven></mvc:annotation-driven>

	<bean
		class="org.springframework.web.servlet.mvc.annotation.DefaultAnnotationHandlerMapping" />

	<bean
		class="org.springframework.web.servlet.mvc.annotation.AnnotationMethodHandlerAdapter">
		<property name="messageConverters">
			<list>
				<bean
					class="org.springframework.http.converter.json.MappingJackson2HttpMessageConverter">
					<property name="supportedMediaTypes">
						<list>
							<value>application/json; charset=UTF-8</value>
							<value>application/map; charset=UTF-8</value>
						</list>
					</property>
				</bean>
			</list>
		</property>
	</bean>
</beans>









